<?xml version="1.0" encoding="UTF-8"?>
<Hibernate>
	<NHibernate AdapterPath="" Assembly="proyectofinaldiccionario" ConnectionProvider="NHibernate.Connection.DriverConnectionProvider" ConnectionString="" DLLDir="\" DatabaseDriverName="" Dialect="" DotNetFrameWorkDir="\" DotNetVersion="20" Driver="" DriverPath="" FollowMicrosoftNamingConvention="false" FrameworkDir="\" GenerateCSSample="true" GenerateCSharpProject="true" GenerateDLL="false" GenerateNullableType="true" GenerateVirtualMethods="false" NonPersistentCollection="0" ProjectFileType="0" PropertyCodeStyle="0"/>
	<JavaHibernate BagImplClass="java.util.HashSet" ConnectionURL="jdbc:mysql://&lt;host_name&gt;:&lt;port_number&gt;/&lt;database_name&gt;" DefaultDB="2" Dialect="org.hibernate.dialect.MySQLDialect" DriverClasspath="" GenerateAntFile="true" GenerateBatch="true" GenerateJspSample="true" GenerateServletFilter="true" GenerateServletSample="false" GenerateShellScript="false" InstrumentClassName="org.hibernate.tool.instrument.cglib.InstrumentTask" JDBCDriverClass="com.mysql.jdbc.Driver" JDBCDriverName="MySQL (Connector/J Driver)" JDKPath="\" ListImplClass="java.util.ArrayList" MapImplClass="java.util.HashMap" Password="" SetImplClass="java.util.HashSet" SupportDBs="262178" UserName="root" WrappingServletReq="0"/>
	<CacheConfiguration>
		<EHCacheConfiguration DiskStorePath="java.io.tmpdir" Eternal="false" MaxInMemory="10000" OverflowToDisk="true" TimeToIdle="120" TimeToLive="120"/>
		<OSCacheConfiguration CacheAlgorithm="" CacheCapacity="1000" CacheDirectory="" CacheKey="" CacheMemory="(Default)" EventListeners="" PersistenceClass="" UnlimitedDisk="false" UseHostDomainKey="(Default)"/>
		<TreeCacheConfiguration CacheModel="LOCAL" ClusterName="TreeCache-Cluster" InitialStateRetrievalTimeout="20000" IsolationLevel="REPEATABLE_READ" LockAcquisitionTimeout="15000" LockLeaseTimeout="60000" MaxCapacity="20000" SyncReplTimeout="10000"/>
		<SysCacheConfiguration Prority="Not Set" RelativeExpiration="0" StaticExpiration="" UseRelativeExpiration="true"/>
	</CacheConfiguration>
	<PHPHibernate AdapterClass="" AdapterDriver="" AdapterPath="" AutoFlush="false" CompiledFolder="compiled" DNS="" Dialect="" Framework="1" QuoteIdentifier="true" SrcFolder="classes"/>
	<ConnectionPool AcquireIncrement="1" IdleTest="0" MaximumConnections="15" MinimumConnections="1" Timeout="0" UseConnectionPool="true"/>
	<Naming ColumnNameCase="0" ColumnNamePrefix="" ColumnNameSuffix="" TableNameCase="0" TableNamePrefix="" TableNameSuffix=""/>
	<Collection Lazy="0" OrderedType="List" UnorderedType="Set"/>
	<Code AttributePrefix="" CacheOption="0" CodeTemplate="0" CompositeIDWithAssociation="0" ConnectionProviderClass="org.hibernate.connection.C3P0ConnectionProvider" CustomPersistentManager="false" DeployTo="4" ErrorHandling="1" FlushMode="Auto" GenCriteria="true" Generate="false" GenerateCustomAnnotation="true" GenerateLowerCasePackage="true" GenerateMapping="0" GenerateNonPersistableAssociation="false" GeneratePrimitiveSetter="true" GeneratePropertyConstant="false" GenerateSample="true" GenerateSessionlessMethods="true" GenerateValidatorConstraints="false" GetterSetterVisibility="0" JPAVersion="2" LazyAssociation="1" MappingColumnOrder="0" MappingType="0" MappingTypeForDate="0" NonPersistentCollection="0" NonPersistentCollectionGeneric="false" PersistentAPI="3" PersistentAPIReturnType="0" PersistentManagerPackage="orm" ProgrammingLang="5" PropertyAccess="false" PublicIDSetter="false" PublicVersionSetter="false" SeparateSubclassXML="false" Serializable="false" ShowException="1" Source="D:\Jp Murcia\administracion de base de datos\" SuppressAllWarnings="false" ToString="1" UserDefinedException=""/>
	<Database ColumnOrder="0" ConnectionDialect="" CreateDatabase="true" CustomDDL="" DBConnection="0" DDLExtension=".ddl" DSJNDIName="" DSPassword="" DSUsername="" DdlHeader="" Encoding="UTF-8" FormattedSQL="true" Generate="true" GenerateComment="true" GenerateDDL="true" GenerateDropTableAndColumn="false" GenerateIndividualDDL="false" GenerateSampleData="false" JNDIInitialContextFactoryClass="" JNDIProviderURL="" Mode="0" QuoteSQLIdentifier="3" TableCharset="" TransactionFactory="" TransactionMangerClass="" UpperCaseSQL="true"/>
	<EOF EOFDefaultDatabase="1"/>
	<Misc LastPMPackage=""/>
</Hibernate>